loss,grad_norm,learning_rate,num_tokens,completions/mean_length,completions/min_length,completions/max_length,completions/clipped_ratio,completions/mean_terminated_length,completions/min_terminated_length,completions/max_terminated_length,rewards/syntax_reward/mean,rewards/syntax_reward/std,rewards/correctness_reward/mean,rewards/correctness_reward/std,rewards/speedup_reward/mean,rewards/speedup_reward/std,reward,reward_std,frac_reward_zero_std,entropy,clip_ratio/low_mean,clip_ratio/low_min,clip_ratio/high_mean,clip_ratio/high_max,clip_ratio/region_mean,step_time,epoch,step
-0.029846355319023132,0.018297133967280388,1e-06,6192.0,354.0,268.0,512.0,0.25,301.3333435058594,268.0,368.0,0.375,0.5175492167472839,0.375,0.5175492167472839,0.0,0.0,0.75,1.0350983142852783,0.0,0.016718678176403046,0.0,0.0,0.0,0.0,0.0,53.12958046300014,0.00390625,1
0.1362423598766327,0.02860042080283165,9.95e-07,,,,,,,,,,,,,,,,,,0.04448484908789396,0.0,0.0,0.0,0.0,0.0,4.103622515999632,0.0078125,2
0.0,0.0,9.9e-07,18920.0,512.0,512.0,512.0,1.0,0.0,0.0,0.0,0.0,0.0,0.0,0.0,0.0,0.0,0.0,0.0,1.0,0.017223358154296875,0.0,0.0,0.0,0.0,0.0,90.87401928199961,0.01171875,3
0.0,0.0,9.849999999999999e-07,,,,,,,,,,,,,,,,,,0.012025833129882812,0.0,0.0,0.0,0.0,0.0,10.815520116999778,0.015625,4
0.0030738338828086853,0.013218543492257595,9.8e-07,24402.0,266.25,263.0,273.0,0.0,266.25,263.0,273.0,0.5,0.5345224738121033,0.5,0.5345224738121033,0.0,0.0,1.0,1.0690449476242065,0.0,0.02048724377527833,0.0,0.0,0.0,0.0,0.0,28.479286326999954,0.01953125,5
-0.0022228285670280457,0.01834731735289097,9.75e-07,,,,,,,,,,,,,,,,,,0.021759418305009604,0.0,0.0,0.0,0.0,0.0,2.8777951749998465,0.0234375,6
0.36937105655670166,0.029342034831643105,9.7e-07,30855.0,338.625,312.0,512.0,0.125,313.8571472167969,312.0,315.0,0.75,0.4629100561141968,0.75,0.4629100561141968,0.0,0.0,1.5,0.9258201122283936,0.0,0.009870964684523642,0.0,0.0,0.0,0.0,0.0,55.404769922000014,0.02734375,7
-0.24995791912078857,0.005746318958699703,9.649999999999999e-07,,,,,,,,,,,,,,,,,,0.007088152342475951,0.0,0.0,0.0,0.0,0.0,4.021324336999442,0.03125,8
-0.1041920930147171,0.02911621332168579,9.6e-07,37117.0,360.75,270.0,512.0,0.25,310.3333435058594,270.0,372.0,0.5,0.5345224738121033,0.5,0.5345224738121033,-0.18602484464645386,0.34445106983184814,0.8139751553535461,0.9144966006278992,0.0,0.034101922530680895,0.0,0.0,0.0,0.0,0.0,53.66266871699963,0.03515625,9
0.23796460032463074,0.03172338753938675,9.55e-07,,,,,,,,,,,,,,,,,,0.05296858190558851,0.0,0.0,0.0,0.0,0.0,4.328907672000696,0.0390625,10
-0.2321595549583435,0.0096054058521986,9.499999999999999e-07,42743.0,291.25,247.0,512.0,0.125,259.71429443359375,247.0,272.0,0.75,0.4629100561141968,0.75,0.4629100561141968,-0.019549762830138206,0.05529508367180824,1.4804502725601196,0.9153457283973694,0.0,0.01475181756541133,0.0,0.0,0.0,0.0,0.0,52.709142742000495,0.04296875,11
0.41493862867355347,0.031492918729782104,9.45e-07,,,,,,,,,,,,,,,,,,0.014983314089477062,0.0,0.0,0.0,0.0,0.0,4.273456296999939,0.046875,12
0.27422046661376953,0.03635859861969948,9.399999999999999e-07,49103.0,320.0,318.0,328.0,0.0,320.0,318.0,328.0,0.75,0.4629100561141968,0.75,0.4629100561141968,0.0,0.0,1.5,0.9258201122283936,0.0,0.010601363610476255,0.0,0.0,0.0,0.0,0.0,35.80911692900008,0.05078125,13
-0.269156277179718,0.0038391321431845427,9.35e-07,,,,,,,,,,,,,,,,,,0.005115473177284002,0.0,0.0,0.0,0.0,0.0,3.3901459170001544,0.0546875,14
0.12100264430046082,0.01797664165496826,9.3e-07,54512.0,265.125,248.0,288.0,0.0,265.125,248.0,288.0,0.625,0.5175492167472839,0.625,0.5175492167472839,-0.02053990587592125,0.058095626533031464,1.2294601202011108,1.0196040868759155,0.0,0.014884003670886159,0.0,0.0,0.0,0.0,0.0,29.324852351000118,0.05859375,15
-0.1103481724858284,0.019905155524611473,9.25e-07,,,,,,,,,,,,,,,,,,0.01803066022694111,0.0,0.0,0.0,0.0,0.0,3.1001991299999645,0.0625,16
0.1765080988407135,0.050090450793504715,9.2e-07,60089.0,272.125,262.0,274.0,0.0,272.125,262.0,274.0,0.875,0.3535533845424652,0.875,0.3535533845424652,0.0,0.0,1.75,0.7071067690849304,0.0,0.010974506381899118,0.0,0.0,0.0,0.0,0.0,29.220447699999568,0.06640625,17
-0.17797178030014038,0.0037263319827616215,9.15e-07,,,,,,,,,,,,,,,,,,0.006247861310839653,0.0,0.0,0.0,0.0,0.0,3.7501335299998573,0.0703125,18
0.2806827425956726,0.03621721640229225,9.1e-07,65561.0,270.0,231.0,325.0,0.0,270.0,231.0,325.0,0.875,0.3535533845424652,0.875,0.3535533845424652,-0.0532258078455925,0.15054532885551453,1.6967742443084717,0.7016047239303589,0.0,0.019323171814903617,0.0,0.0,0.0,0.0,0.0,33.250420774000304,0.07421875,19
-0.21905668079853058,0.008106166496872902,9.05e-07,,,,,,,,,,,,,,,,,,0.019347455352544785,0.0,0.0,0.0,0.0,0.0,3.023374635999062,0.078125,20
0.004357427358627319,0.02676980197429657,9e-07,70874.0,254.125,215.0,275.0,0.0,254.125,215.0,275.0,0.75,0.4629100561141968,0.75,0.4629100561141968,-0.019549762830138206,0.05529508367180824,1.4804502725601196,0.9153457283973694,0.0,0.014030636753886938,0.0,0.0,0.0,0.0,0.0,28.34945941299975,0.08203125,21
-0.02322062849998474,0.023822490125894547,8.95e-07,,,,,,,,,,,,,,,,,,0.019690557848662138,0.0,0.0,0.0,0.0,0.0,3.0373588739998922,0.0859375,22
0.0,0.0,8.9e-07,83650.0,512.0,512.0,512.0,1.0,0.0,0.0,0.0,0.0,0.0,0.0,0.0,0.0,0.0,0.0,0.0,1.0,0.02796173095703125,0.0,0.0,0.0,0.0,0.0,91.75342409000086,0.08984375,23
0.0,0.0,8.85e-07,,,,,,,,,,,,,,,,,,0.029327392578125,0.0,0.0,0.0,0.0,0.0,10.954102478000095,0.09375,24
0.05913793295621872,0.022147199138998985,8.799999999999999e-07,90196.0,343.25,308.0,512.0,0.125,319.14288330078125,308.0,326.0,0.5,0.5345224738121033,0.5,0.5345224738121033,-0.02008928544819355,0.056821081787347794,0.9799107313156128,1.0488886833190918,0.0,0.016413495410233736,0.0,0.0,0.0,0.0,0.0,55.75157207199982,0.09765625,25
0.013873621821403503,0.010283446870744228,8.75e-07,,,,,,,,,,,,,,,,,,0.008725221618078649,0.0,0.0,0.0,0.0,0.0,4.053077012999893,0.1015625,26
0.38535550236701965,0.026155613362789154,8.699999999999999e-07,96271.0,320.375,293.0,512.0,0.125,293.0,293.0,293.0,0.75,0.4629100561141968,0.75,0.4629100561141968,0.0,0.0,1.5,0.9258201122283936,0.0,0.011725832475349307,0.0,0.0,0.0,0.0,0.0,54.10484991800058,0.10546875,27
-0.2469329833984375,0.002989200409501791,8.65e-07,,,,,,,,,,,,,,,,,,0.005112788174301386,0.0,0.0,0.0,0.0,0.0,3.9363033259996882,0.109375,28
0.307969331741333,0.006045576650649309,8.599999999999999e-07,103280.0,346.125,265.0,378.0,0.0,346.125,265.0,378.0,1.0,0.0,1.0,0.0,1.826905608177185,2.7465052604675293,3.8269057273864746,2.7465054988861084,0.0,0.006667228066362441,0.0,0.0,0.0,0.0,0.0,44.3782078979998,0.11328125,29
-0.18054506182670593,0.024544041603803635,8.55e-07,,,,,,,,,,,,,,,,,,0.012652684818021953,0.0,0.0,0.0,0.0,0.0,4.15268760500021,0.1171875,30
-0.26991719007492065,0.5118365287780762,8.499999999999999e-07,110883.0,399.375,397.0,400.0,0.0,399.375,397.0,400.0,0.25,0.4629100561141968,0.25,0.4629100561141968,0.0,0.0,0.5,0.9258201122283936,0.0,0.00797529798001051,0.0,0.0,0.0,0.0,0.0,46.96799029399972,0.12109375,31
0.2704812288284302,0.10208096355199814,8.45e-07,,,,,,,,,,,,,,,,,,0.008487548911944032,0.0,0.0,0.0,0.0,0.0,5.53210952299969,0.125,32
0.0,0.0,8.399999999999999e-07,120323.0,512.0,512.0,512.0,1.0,0.0,0.0,0.0,0.0,0.0,0.0,0.0,0.0,0.0,0.0,0.0,1.0,0.029666900634765625,0.0,0.0,0.0,0.0,0.0,68.319337851,0.12890625,33
0.0,0.0,8.349999999999999e-07,,,,,,,,,,,,,,,,,,0.008733749389648438,0.0,0.0,0.0,0.0,0.0,7.073306375000357,0.1328125,34
0.04499657452106476,0.02051534503698349,8.299999999999999e-07,126849.0,317.75,243.0,346.0,0.0,317.75,243.0,346.0,0.25,0.4629100561141968,0.25,0.4629100561141968,0.0006097560981288552,0.001724650734104216,0.5006097555160522,0.9269500374794006,0.0,0.025468136183917522,0.0,0.0,0.0,0.0,0.0,38.07126200199946,0.13671875,35
-0.004534289240837097,0.010745908133685589,8.249999999999999e-07,,,,,,,,,,,,,,,,,,0.013523528119549155,0.0,0.0,0.0,0.0,0.0,3.9550096459997803,0.140625,36
0.16728168725967407,0.015290951356291771,8.199999999999999e-07,133430.0,333.625,324.0,335.0,0.0,333.625,324.0,335.0,0.875,0.3535533845424652,0.875,0.3535533845424652,0.0,0.0,1.75,0.7071067690849304,0.0,0.007877001538872719,0.0,0.0,0.0,0.0,0.0,38.25092865200031,0.14453125,37
-0.17748014628887177,0.0030237308237701654,8.149999999999999e-07,,,,,,,,,,,,,,,,,,0.006646455265581608,0.0,0.0,0.0,0.0,0.0,4.560101317999852,0.1484375,38
0.009619832038879395,0.030512560158967972,8.1e-07,139875.0,337.625,302.0,512.0,0.125,312.71429443359375,302.0,317.0,0.75,0.4629100561141968,0.75,0.4629100561141968,0.015756303444504738,0.044565558433532715,1.515756368637085,0.9365555047988892,0.0,0.008606841205619276,0.0,0.0,0.0,0.0,0.0,54.906956112999524,0.15234375,39
0.11375810205936432,0.020975396037101746,8.05e-07,,,,,,,,,,,,,,,,,,0.009877829812467098,0.0,0.0,0.0,0.0,0.0,4.419635256000674,0.15625,40
-0.11357806622982025,0.0198036041110754,8e-07,145881.0,328.75,266.0,512.0,0.25,267.66668701171875,266.0,270.0,0.125,0.3535533845424652,0.125,0.3535533845424652,0.0,0.0,0.25,0.7071067690849304,0.0,0.02688900474458933,0.0,0.0,0.0,0.0,0.0,53.585486673000105,0.16015625,41
0.1767396330833435,0.011395586654543877,7.95e-07,,,,,,,,,,,,,,,,,,0.025573179591447115,0.0,0.0,0.0,0.0,0.0,4.320959831000437,0.1640625,42
-0.00793062150478363,0.026661552488803864,7.9e-07,151560.0,280.875,272.0,283.0,0.0,280.875,272.0,283.0,0.75,0.4629100561141968,0.75,0.4629100561141968,0.0,0.0,1.5,0.9258201122283936,0.0,0.014771623886190355,0.0,0.0,0.0,0.0,0.0,30.433339495999462,0.16796875,43
-0.004349365830421448,0.023623647168278694,7.85e-07,,,,,,,,,,,,,,,,,,0.013810415635816753,0.0,0.0,0.0,0.0,0.0,3.5880251730000055,0.171875,44
0.04501679539680481,0.03367685526609421,7.799999999999999e-07,157643.0,340.375,250.0,512.0,0.25,283.16668701171875,250.0,372.0,0.25,0.4629100561141968,0.25,0.4629100561141968,0.0,0.0,0.5,0.9258201122283936,0.0,0.0279643009416759,0.0,0.0,0.0,0.0,0.0,53.57056117399998,0.17578125,45
0.06902067363262177,0.013506821356713772,7.75e-07,,,,,,,,,,,,,,,,,,0.024506837595254183,0.0,0.0,0.0,0.0,0.0,4.297578853000232,0.1796875,46
0.34333881735801697,0.013447791337966919,7.699999999999999e-07,165036.0,378.125,274.0,512.0,0.125,359.0000305175781,274.0,393.0,0.875,0.3535533845424652,0.875,0.3535533845424652,1.5520833730697632,2.8738999366760254,3.3020834922790527,3.105834484100342,0.0,0.01160205714404583,0.0,0.0,0.0,0.0,0.0,59.26984206299994,0.18359375,47
-0.17719274759292603,0.031246740370988846,7.65e-07,,,,,,,,,,,,,,,,,,0.012253201566636562,0.0,0.0,0.0,0.0,0.0,4.474277281999548,0.1875,48
-0.15209746360778809,0.0016252280911430717,7.599999999999999e-07,171291.0,311.875,301.0,315.0,0.0,311.875,301.0,315.0,0.875,0.3535533845424652,0.875,0.3535533845424652,0.03154205530881882,0.08921440690755844,1.7815420627593994,0.7252470254898071,0.0,0.00458519347012043,0.0,0.0,0.0,0.0,0.0,35.67330031399979,0.19140625,49
0.14487332105636597,0.023083752021193504,7.55e-07,,,,,,,,,,,,,,,,,,0.009969382546842098,0.0,0.0,0.0,0.0,0.0,3.8808349109995106,0.1953125,50
0.30205875635147095,0.019044842571020126,7.5e-07,177096.0,313.625,244.0,512.0,0.125,285.2857360839844,244.0,383.0,0.25,0.4629100561141968,0.25,0.4629100561141968,-0.019549762830138206,0.05529508367180824,0.48045024275779724,0.8906024694442749,0.0,0.044389910297468305,0.0,0.0,0.0,0.0,0.0,53.03689089999989,0.19921875,51
-0.20218932628631592,0.02033471316099167,7.45e-07,,,,,,,,,,,,,,,,,,0.03270181640982628,0.0,0.0,0.0,0.0,0.0,3.87169489200096,0.203125,52
0.18365879356861115,0.005314571317285299,7.4e-07,184408.0,372.0,273.0,389.0,0.0,372.0,273.0,389.0,1.0,0.0,1.0,0.0,0.7760416865348816,2.1949775218963623,2.7760417461395264,2.1949777603149414,0.0,0.007474348531104624,0.0,0.0,0.0,0.0,0.0,46.16724138000018,0.20703125,53
-0.08954198658466339,0.019386280328035355,7.35e-07,,,,,,,,,,,,,,,,,,0.008229952538385987,0.0,0.0,0.0,0.0,0.0,4.6272840820001875,0.2109375,54
0.040896639227867126,0.025356488302350044,7.3e-07,191779.0,397.375,373.0,512.0,0.125,381.0000305175781,373.0,429.0,0.5,0.5345224738121033,0.5,0.5345224738121033,0.0,0.0,1.0,1.0690449476242065,0.0,0.01585752284154296,0.0,0.0,0.0,0.0,0.0,58.08542013000033,0.21484375,55
0.016473479568958282,0.013353109359741211,7.249999999999999e-07,,,,,,,,,,,,,,,,,,0.014432829804718494,0.0,0.0,0.0,0.0,0.0,4.277533126000435,0.21875,56
-0.37239277362823486,0.04244517907500267,7.2e-07,199259.0,384.0,284.0,401.0,0.0,384.0,284.0,401.0,0.625,0.5175492167472839,0.625,0.5175492167472839,-0.019208606332540512,0.054330144077539444,1.2307913303375244,1.0205152034759521,0.0,0.013507667928934097,0.0,0.0,0.0,0.0,0.0,46.39482309899995,0.22265625,57
0.3241456151008606,0.05911723151803017,7.149999999999999e-07,,,,,,,,,,,,,,,,,,0.021119510754942894,0.0,0.0,0.0,0.0,0.0,3.917545665000034,0.2265625,58
0.35838690400123596,0.04622441157698631,7.1e-07,205877.0,351.25,327.0,512.0,0.125,328.2857360839844,327.0,333.0,0.75,0.4629100561141968,0.75,0.4629100561141968,-0.03927146643400192,0.05700499191880226,1.460728645324707,0.9030563831329346,0.0,0.01630715373903513,0.0,0.0,0.0,0.0,0.0,55.930229256999155,0.23046875,59
-0.2514803409576416,0.02478906512260437,7.049999999999999e-07,,,,,,,,,,,,,,,,,,0.023136449046432972,0.0,0.0,0.0,0.0,0.0,4.038744410000163,0.234375,60
0.0,0.0,7e-07,212445.0,333.0,333.0,333.0,0.0,333.0,333.0,333.0,1.0,0.0,1.0,0.0,0.0,0.0,2.0,0.0,1.0,0.004601281136274338,0.0,0.0,0.0,0.0,0.0,38.30949207999993,0.23828125,61
0.0,0.0,6.949999999999999e-07,,,,,,,,,,,,,,,,,,0.0045954156666994095,0.0,0.0,0.0,0.0,0.0,4.543906863000302,0.2421875,62
-0.15055812895298004,0.0049752346239984035,6.9e-07,218016.0,273.375,261.0,288.0,0.0,273.375,261.0,288.0,1.0,0.0,1.0,0.0,-0.00020491803297773004,0.0005795957404188812,1.9997950792312622,0.0005796034820377827,0.0,0.006961137987673283,0.0,0.0,0.0,0.0,0.0,29.666111132000424,0.24609375,63
0.16673412919044495,0.037757646292448044,6.85e-07,,,,,,,,,,,,,,,,,,0.009587973821908236,0.0,0.0,0.0,0.0,0.0,3.1410856619995684,0.25,64
0.24742724001407623,0.036153119057416916,6.800000000000001e-07,223596.0,273.5,261.0,289.0,0.0,273.5,261.0,289.0,0.875,0.3535533845424652,0.875,0.3535533845424652,0.23239436745643616,0.6573106050491333,1.9823943376541138,1.0319175720214844,0.0,0.014064135728403926,0.0,0.0,0.0,0.0,0.0,30.00559581000016,0.25390625,65
-0.2332918345928192,0.009068319573998451,6.75e-07,,,,,,,,,,,,,,,,,,0.007014795090071857,0.0,0.0,0.0,0.0,0.0,2.8868871770000624,0.2578125,66
-0.1503586620092392,0.04211032763123512,6.7e-07,231157.0,394.125,360.0,399.0,0.0,394.125,360.0,399.0,1.0,0.0,1.0,0.0,0.4032447934150696,1.1581931114196777,2.403244733810425,1.1581931114196777,0.0,0.006892454926855862,0.0,0.0,0.0,0.0,0.0,47.886619158000485,0.26171875,67
0.18096724152565002,0.0045166476629674435,6.65e-07,,,,,,,,,,,,,,,,,,0.008029106189496815,0.0,0.0,0.0,0.0,0.0,5.443888267000602,0.265625,68
-0.10789953172206879,0.02122608944773674,6.6e-07,236830.0,291.125,244.0,512.0,0.125,259.5714416503906,244.0,266.0,0.5,0.5345224738121033,0.5,0.5345224738121033,0.014751552604138851,0.041723694652318954,1.0147515535354614,1.0855026245117188,0.0,0.020617082249373198,0.0,0.0,0.0,0.0,0.0,53.2671832989995,0.26953125,69
0.20776724815368652,0.030375972390174866,6.55e-07,,,,,,,,,,,,,,,,,,0.028110545594245195,0.0,0.0,0.0,0.0,0.0,3.9059054399999695,0.2734375,70
0.0,0.0,6.5e-07,242374.0,270.0,261.0,273.0,0.0,270.0,261.0,273.0,1.0,0.0,1.0,0.0,0.0,0.0,2.0,0.0,1.0,0.007317095180042088,0.0,0.0,0.0,0.0,0.0,29.56197242600001,0.27734375,71
0.0,0.0,6.45e-07,,,,,,,,,,,,,,,,,,0.007382820243947208,0.0,0.0,0.0,0.0,0.0,3.4476387979998435,0.28125,72
-0.1870655119419098,0.027407871559262276,6.4e-07,247846.0,271.0,238.0,318.0,0.0,271.0,238.0,318.0,0.5,0.5345224738121033,0.5,0.5345224738121033,0.01607232168316841,0.037054356187582016,1.0160722732543945,1.08672297000885,0.0,0.028231175849214196,0.0,0.0,0.0,0.0,0.0,32.476611605000016,0.28515625,73
0.2575540542602539,0.024435298517346382,6.35e-07,,,,,,,,,,,,,,,,,,0.020571742672473192,0.0,0.0,0.0,0.0,0.0,2.949851138000213,0.2890625,74
-0.16491377353668213,0.027038348838686943,6.3e-07,255330.0,402.5,284.0,512.0,0.25,366.0,284.0,384.0,0.625,0.5175492167472839,0.625,0.5175492167472839,0.03868306428194046,0.10941223055124283,1.2886830568313599,1.0722469091415405,0.0,0.02095521194860339,0.0,0.0,0.0,0.0,0.0,58.20765663899965,0.29296875,75
0.2247900664806366,0.03104860894382,6.249999999999999e-07,,,,,,,,,,,,,,,,,,0.014834199100732803,0.0,0.0,0.0,0.0,0.0,5.299877761000062,0.296875,76
0.24568094313144684,0.016044899821281433,6.2e-07,261392.0,333.75,268.0,512.0,0.125,308.2857360839844,268.0,421.0,0.25,0.4629100561141968,0.25,0.4629100561141968,-0.06219512224197388,0.17591437697410583,0.4378048777580261,0.8214914798736572,0.0,0.03769962349906564,0.0,0.0,0.0,0.0,0.0,53.1258677120004,0.30078125,77
-0.22355341911315918,0.024265410378575325,6.149999999999999e-07,,,,,,,,,,,,,,,,,,0.03279489907436073,0.0,0.0,0.0,0.0,0.0,4.274662328999966,0.3046875,78
-0.17675170302391052,0.00212382385507226,6.1e-07,267936.0,332.0,332.0,332.0,0.0,332.0,332.0,332.0,0.875,0.3535533845424652,0.875,0.3535533845424652,0.0,0.0,1.75,0.7071067690849304,0.0,0.005068124271929264,0.0,0.0,0.0,0.0,0.0,38.18382190899956,0.30859375,79
0.17676368355751038,0.020399807021021843,6.049999999999999e-07,,,,,,,,,,,,,,,,,,0.008084584260359406,0.0,0.0,0.0,0.0,0.0,4.592748342999585,0.3125,80
-0.21743273735046387,0.020532242953777313,6e-07,277353.0,493.125,395.0,512.0,0.75,436.5,395.0,478.0,0.25,0.4629100561141968,0.25,0.4629100561141968,0.01020059734582901,0.027730971574783325,0.5102006196975708,0.9449260830879211,0.0,0.01620505377650261,0.0,0.0,0.0,0.0,0.0,67.43396663899966,0.31640625,81
0.28026363253593445,0.020377948880195618,5.949999999999999e-07,,,,,,,,,,,,,,,,,,0.022759437561035156,0.0,0.0,0.0,0.0,0.0,7.309984691999489,0.3203125,82
0.18131552636623383,0.009971939027309418,5.9e-07,283030.0,285.625,270.0,360.0,0.0,285.625,270.0,360.0,0.125,0.3535533845424652,0.125,0.3535533845424652,0.0,0.0,0.25,0.7071067690849304,0.0,0.031852900981903076,0.0,0.0,0.0,0.0,0.0,37.25545365200014,0.32421875,83
-0.16321943700313568,0.021756818518042564,5.849999999999999e-07,,,,,,,,,,,,,,,,,,0.02704193233512342,0.0,0.0,0.0,0.0,0.0,3.3176978409992444,0.328125,84
-0.23573514819145203,0.017631281167268753,5.8e-07,290712.0,399.25,396.0,408.0,0.0,399.25,396.0,408.0,0.5,0.5345224738121033,0.5,0.5345224738121033,0.0,0.0,1.0,1.0690449476242065,0.0,0.009450304787606001,0.0,0.0,0.0,0.0,0.0,47.60760728600053,0.33203125,85
0.23282910883426666,0.028244586661458015,5.749999999999999e-07,,,,,,,,,,,,,,,,,,0.009916457231156528,0.0,0.0,0.0,0.0,0.0,4.0018524019988035,0.3359375,86
0.12169963121414185,0.02311469428241253,5.699999999999999e-07,296823.0,302.875,270.0,315.0,0.0,302.875,270.0,315.0,0.625,0.5175492167472839,0.625,0.5175492167472839,-0.02008928544819355,0.056821081787347794,1.2299107313156128,1.0199110507965088,0.0,0.011259486898779869,0.0,0.0,0.0,0.0,0.0,34.00648412100054,0.33984375,87
-0.1299271434545517,0.0279367845505476,5.649999999999999e-07,,,,,,,,,,,,,,,,,,0.023137991782277822,0.0,0.0,0.0,0.0,0.0,3.297446990000026,0.34375,88
0.0,0.0,5.6e-07,302391.0,273.0,273.0,273.0,0.0,273.0,273.0,273.0,1.0,0.0,1.0,0.0,0.0,0.0,2.0,0.0,1.0,0.006091889925301075,0.0,0.0,0.0,0.0,0.0,29.631915233000655,0.34765625,89
0.0,0.0,5.55e-07,,,,,,,,,,,,,,,,,,0.006152701564133167,0.0,0.0,0.0,0.0,0.0,3.6674226590002945,0.3515625,90
0.1769314855337143,0.00880621187388897,5.5e-07,312963.0,494.5,440.0,512.0,0.75,442.0,440.0,444.0,0.125,0.3535533845424652,0.125,0.3535533845424652,0.010977337136864662,0.031048599630594254,0.2609773278236389,0.7381553053855896,0.0,0.014127800241112709,0.0,0.0,0.0,0.0,0.0,75.84827239599872,0.35546875,91
-0.13798029720783234,0.018330484628677368,5.45e-07,,,,,,,,,,,,,,,,,,0.017550624441355467,0.0,0.0,0.0,0.0,0.0,7.951043849000598,0.359375,92
-0.11095014214515686,0.025691546499729156,5.4e-07,318435.0,268.0,255.0,280.0,0.0,268.0,255.0,280.0,0.375,0.5175492167472839,0.375,0.5175492167472839,0.0,0.0,0.75,1.0350983142852783,0.0,0.031190539710223675,0.0,0.0,0.0,0.0,0.0,28.866269935000673,0.36328125,93
0.1190950945019722,0.016980143263936043,5.35e-07,,,,,,,,,,,,,,,,,,0.033738265512511134,0.0,0.0,0.0,0.0,0.0,3.0920187540004918,0.3671875,94
0.1326051950454712,0.027398722246289253,5.3e-07,323940.0,276.125,230.0,425.0,0.0,276.125,230.0,425.0,0.875,0.3535533845424652,0.875,0.3535533845424652,-0.18191170692443848,0.2566363215446472,1.5680882930755615,0.6796415448188782,0.0,0.01722382241860032,0.0,0.0,0.0,0.0,0.0,43.177180776999194,0.37109375,95
-0.10125545412302017,0.006653506774455309,5.25e-07,,,,,,,,,,,,,,,,,,0.02485438110306859,0.0,0.0,0.0,0.0,0.0,3.788282468000034,0.375,96
0.17934414744377136,0.024873949587345123,5.2e-07,330519.0,332.375,321.0,334.0,0.0,332.375,321.0,334.0,0.875,0.3535533845424652,0.875,0.3535533845424652,0.0,0.0,1.75,0.7071067690849304,0.0,0.006731585366651416,0.0,0.0,0.0,0.0,0.0,38.16673303300013,0.37890625,97
-0.17761532962322235,0.001981695182621479,5.149999999999999e-07,,,,,,,,,,,,,,,,,,0.0047336965799331665,0.0,0.0,0.0,0.0,0.0,4.569662692999373,0.3828125,98
-0.1206279993057251,0.018494416028261185,5.1e-07,336787.0,312.5,301.0,323.0,0.0,312.5,301.0,323.0,0.625,0.5175492167472839,0.625,0.5175492167472839,-0.0401785708963871,0.07439626008272171,1.2098214626312256,1.0040347576141357,0.0,0.009967816062271595,0.0,0.0,0.0,0.0,0.0,35.22586564699941,0.38671875,99
0.12308496981859207,0.029007330536842346,5.049999999999999e-07,,,,,,,,,,,,,,,,,,0.02568363049067557,0.0,0.0,0.0,0.0,0.0,3.3863532390005275,0.390625,100
0.31823718547821045,0.024023229256272316,5e-07,342679.0,324.5,238.0,512.0,0.25,262.0,238.0,295.0,0.5,0.5345224738121033,0.5,0.5345224738121033,-0.09874138236045837,0.20311710238456726,0.9012585878372192,0.9789888262748718,0.0,0.03573641600087285,0.0,0.0,0.0,0.0,0.0,53.135368340998866,0.39453125,101
-0.1356866955757141,0.024422813206911087,4.95e-07,,,,,,,,,,,,,,,,,,0.023917987942695618,0.0,0.0,0.0,0.0,0.0,4.239666854999086,0.3984375,102
0.0,0.0,4.9e-07,352871.0,512.0,512.0,512.0,1.0,0.0,0.0,0.0,0.0,0.0,0.0,0.0,0.0,0.0,0.0,0.0,1.0,0.01894378662109375,0.0,0.0,0.0,0.0,0.0,72.61410209600035,0.40234375,103
0.0,0.0,4.85e-07,,,,,,,,,,,,,,,,,,0.021356582641601562,0.0,0.0,0.0,0.0,0.0,7.620392842000001,0.40625,104
-0.028028398752212524,0.027910972014069557,4.8e-07,362198.0,480.875,263.0,512.0,0.875,263.0,263.0,263.0,0.125,0.3535533845424652,0.125,0.3535533845424652,0.19888179004192352,0.5625226497650146,0.4488818049430847,1.2696294784545898,0.0,0.013217244297266006,0.0,0.0,0.0,0.0,0.0,68.4543925070002,0.41015625,105
0.1881866604089737,0.010239257477223873,4.7499999999999995e-07,,,,,,,,,,,,,,,,,,0.02115631103515625,0.0,0.0,0.0,0.0,0.0,7.378429123000387,0.4140625,106
0.05197557061910629,0.014717319048941135,4.6999999999999995e-07,368145.0,323.375,217.0,512.0,0.25,260.5,217.0,277.0,0.25,0.4629100561141968,0.25,0.4629100561141968,0.0,0.0,0.5,0.9258201122283936,0.0,0.0233456299174577,0.0,0.0,0.0,0.0,0.0,53.506365253000695,0.41796875,107
0.0421755313873291,0.012330378405749798,4.65e-07,,,,,,,,,,,,,,,,,,0.03065513353794813,0.0,0.0,0.0,0.0,0.0,4.2758554129986805,0.421875,108
-0.16150635480880737,0.032470375299453735,4.6e-07,378310.0,508.625,485.0,512.0,0.875,485.0,485.0,485.0,0.125,0.3535533845424652,0.125,0.3535533845424652,0.01872163452208042,0.05295277759432793,0.26872164011001587,0.7600595355033875,0.0,0.016670997953042388,0.0,0.0,0.0,0.0,0.0,71.91380076399855,0.42578125,109
0.1779285967350006,0.008529874496161938,4.55e-07,,,,,,,,,,,,,,,,,,0.012822151184082031,0.0,0.0,0.0,0.0,0.0,7.711706451999817,0.4296875,110
0.0,0.0,4.5e-07,384841.0,330.375,319.0,332.0,0.0,330.375,319.0,332.0,1.0,0.0,1.0,0.0,0.0,0.0,2.0,0.0,1.0,0.004706325475126505,0.0,0.0,0.0,0.0,0.0,38.102459791,0.43359375,111
0.0,0.0,4.45e-07,,,,,,,,,,,,,,,,,,0.005955032189376652,0.0,0.0,0.0,0.0,0.0,4.238322264998715,0.4375,112
-0.05058470368385315,0.03735428676009178,4.3999999999999997e-07,391965.0,356.5,266.0,382.0,0.0,356.5,266.0,382.0,1.0,0.0,1.0,0.0,0.9469060897827148,2.1790828704833984,2.946906089782715,2.1790828704833984,0.0,0.0065146517008543015,0.0,0.0,0.0,0.0,0.0,45.204486444000395,0.44140625,113
0.15472374856472015,0.005550961475819349,4.3499999999999996e-07,,,,,,,,,,,,,,,,,,0.022894715191796422,0.0,0.0,0.0,0.0,0.0,4.903419758999917,0.4453125,114
0.25418323278427124,0.05969555675983429,4.2999999999999996e-07,397512.0,284.375,256.0,374.0,0.0,284.375,256.0,374.0,0.875,0.3535533845424652,0.875,0.3535533845424652,-0.03705533593893051,0.10480831563472748,1.7129446268081665,0.6998645067214966,0.0,0.0212830426171422,0.0,0.0,0.0,0.0,0.0,37.93698596500053,0.44921875,115
-0.13623663783073425,0.003405481344088912,4.2499999999999995e-07,,,,,,,,,,,,,,,,,,0.028846843168139458,0.0,0.0,0.0,0.0,0.0,3.598680068000249,0.453125,116
-0.18490488827228546,0.003954246640205383,4.1999999999999995e-07,403177.0,275.125,257.0,278.0,0.0,275.125,257.0,278.0,0.875,0.3535533845424652,0.875,0.3535533845424652,-0.007797879166901112,0.022055733948946,1.7422020435333252,0.7042943239212036,0.0,0.007183706387877464,0.0,0.0,0.0,0.0,0.0,30.504129123000894,0.45703125,117
0.16154935956001282,0.03155146911740303,4.1499999999999994e-07,,,,,,,,,,,,,,,,,,0.022849971428513527,0.0,0.0,0.0,0.0,0.0,3.3690874479998456,0.4609375,118
0.0,0.0,4.0999999999999994e-07,409516.0,370.375,266.0,512.0,0.375,285.3999938964844,266.0,355.0,0.0,0.0,0.0,0.0,0.0,0.0,0.0,0.0,1.0,0.02874628035351634,0.0,0.0,0.0,0.0,0.0,53.715075085000535,0.46484375,119
0.0,0.0,4.05e-07,,,,,,,,,,,,,,,,,,0.037833111360669136,0.0,0.0,0.0,0.0,0.0,4.630919041998823,0.46875,120
-0.159275621175766,0.01415481697767973,4e-07,415289.0,299.625,266.0,512.0,0.125,269.2857360839844,266.0,273.0,0.125,0.3535533845424652,0.125,0.3535533845424652,0.0,0.0,0.25,0.7071067690849304,0.0,0.022162707056850195,0.0,0.0,0.0,0.0,0.0,53.11306384699947,0.47265625,121
0.19423599541187286,0.010479164309799671,3.95e-07,,,,,,,,,,,,,,,,,,0.03189493250101805,0.0,0.0,0.0,0.0,0.0,4.308253831000002,0.4765625,122
0.19584599137306213,0.030389495193958282,3.8999999999999997e-07,421632.0,317.875,308.0,321.0,0.0,317.875,308.0,321.0,0.875,0.3535533845424652,0.875,0.3535533845424652,-0.02008928544819355,0.056821081787347794,1.7299107313156128,0.7012481689453125,0.0,0.008208842016756535,0.0,0.0,0.0,0.0,0.0,35.04253742199944,0.48046875,123
-0.1932312250137329,0.0030030261259526014,3.8499999999999997e-07,,,,,,,,,,,,,,,,,,0.005106289405375719,0.0,0.0,0.0,0.0,0.0,3.326731089000532,0.484375,124
0.0,0.0,3.7999999999999996e-07,427188.0,271.5,261.0,273.0,0.0,271.5,261.0,273.0,1.0,0.0,1.0,0.0,0.0,0.0,2.0,0.0,1.0,0.006664234213531017,0.0,0.0,0.0,0.0,0.0,29.56032453899934,0.48828125,125
0.0,0.0,3.75e-07,,,,,,,,,,,,,,,,,,0.007441699272021651,0.0,0.0,0.0,0.0,0.0,3.462601376998464,0.4921875,126
0.160036101937294,0.028035299852490425,3.7e-07,434918.0,407.25,355.0,512.0,0.125,392.2857360839844,355.0,406.0,0.625,0.5175492167472839,0.625,0.5175492167472839,0.0,0.0,1.25,1.0350983142852783,0.0,0.01625879609491676,0.0,0.0,0.0,0.0,0.0,59.746957157,0.49609375,127
-0.13261356949806213,0.013693268410861492,3.65e-07,,,,,,,,,,,,,,,,,,0.011905872263014317,0.0,0.0,0.0,0.0,0.0,4.39149136999913,0.5,128
0.014934435486793518,0.023745596408843994,3.6e-07,441422.0,319.0,295.0,361.0,0.0,319.0,295.0,361.0,1.0,0.0,1.0,0.0,0.07094272971153259,0.07520294934511185,2.0709428787231445,0.07520301640033722,0.0,0.011770024080760777,0.0,0.0,0.0,0.0,0.0,39.744131096000274,0.50390625,129
0.026882924139499664,0.01766126975417137,3.55e-07,,,,,,,,,,,,,,,,,,0.010802166303619742,0.0,0.0,0.0,0.0,0.0,3.881360544999552,0.5078125,130
0.113567054271698,0.016868390142917633,3.5e-07,446901.0,266.875,252.0,293.0,0.0,266.875,252.0,293.0,0.375,0.5175492167472839,0.375,0.5175492167472839,0.0,0.0,0.75,1.0350983142852783,0.0,0.020429263124242425,0.0,0.0,0.0,0.0,0.0,30.29171721399962,0.51171875,131
-0.11116912215948105,0.0176394060254097,3.45e-07,,,,,,,,,,,,,,,,,,0.022580053424462676,0.0,0.0,0.0,0.0,0.0,3.136253050999585,0.515625,132
0.17444388568401337,0.008606347255408764,3.4000000000000003e-07,452857.0,325.5,243.0,512.0,0.25,263.3333435058594,243.0,272.0,0.125,0.3535533845424652,0.125,0.3535533845424652,0.0,0.0,0.25,0.7071067690849304,0.0,0.022198935505002737,0.0,0.0,0.0,0.0,0.0,53.5914062819993,0.51953125,133
-0.10981801152229309,0.010300182737410069,3.35e-07,,,,,,,,,,,,,,,,,,0.018048594007268548,0.0,0.0,0.0,0.0,0.0,4.299111295001239,0.5234375,134
-0.25246500968933105,0.0053880224004387856,3.3e-07,460763.0,427.25,398.0,512.0,0.25,399.0,398.0,404.0,0.75,0.4629100561141968,0.75,0.4629100561141968,0.0,0.0,1.5,0.9258201122283936,0.0,0.008320635417476296,0.0,0.0,0.0,0.0,0.0,59.71835089100114,0.52734375,135
0.3596140742301941,0.03810301050543785,3.25e-07,,,,,,,,,,,,,,,,,,0.014342015841975808,0.0,0.0,0.0,0.0,0.0,5.428117125001336,0.53125,136
0.0,0.0,3.2e-07,473539.0,512.0,512.0,512.0,1.0,0.0,0.0,0.0,0.0,0.0,0.0,0.0,0.0,0.0,0.0,0.0,1.0,0.01718902587890625,0.0,0.0,0.0,0.0,0.0,91.78262336300031,0.53515625,137
0.0,0.0,3.15e-07,,,,,,,,,,,,,,,,,,0.014352798461914062,0.0,0.0,0.0,0.0,0.0,10.914538909999465,0.5390625,138
-0.11067791283130646,0.014690532349050045,3.1e-07,478961.0,266.75,257.0,304.0,0.0,266.75,257.0,304.0,0.625,0.5175492167472839,0.625,0.5175492167472839,0.0,0.0,1.25,1.0350983142852783,0.0,0.012895238818600774,0.0,0.0,0.0,0.0,0.0,30.824300988998402,0.54296875,139
0.1547815352678299,0.0283990278840065,3.05e-07,,,,,,,,,,,,,,,,,,0.023470724700018764,0.0,0.0,0.0,0.0,0.0,3.1367027500000404,0.546875,140
0.05420530587434769,0.019570469856262207,3e-07,484708.0,296.375,241.0,512.0,0.125,265.5714416503906,241.0,272.0,0.25,0.4629100561141968,0.25,0.4629100561141968,0.0,0.0,0.5,0.9258201122283936,0.0,0.018463444896042347,0.0,0.0,0.0,0.0,0.0,53.490803870999116,0.55078125,141
-0.006172701716423035,0.016143757849931717,2.95e-07,,,,,,,,,,,,,,,,,,0.022882464807480574,0.0,0.0,0.0,0.0,0.0,3.927184651999596,0.5546875,142
0.19820252060890198,0.040756020694971085,2.9e-07,490413.0,279.125,267.0,298.0,0.0,279.125,267.0,298.0,0.875,0.3535533845424652,0.875,0.3535533845424652,0.0,0.0,1.75,0.7071067690849304,0.0,0.018337146611884236,0.0,0.0,0.0,0.0,0.0,31.308230730000105,0.55859375,143
-0.1743016391992569,0.0028282070998102427,2.8499999999999997e-07,,,,,,,,,,,,,,,,,,0.009764246875420213,0.0,0.0,0.0,0.0,0.0,2.9395149279998805,0.5625,144
0.11788681149482727,0.028620760887861252,2.8e-07,495818.0,264.625,257.0,278.0,0.0,264.625,257.0,278.0,0.625,0.5175492167472839,0.625,0.5175492167472839,-0.028679654002189636,0.08111830800771713,1.221320390701294,1.0143193006515503,0.0,0.020324661396443844,0.0,0.0,0.0,0.0,0.0,28.45279538900104,0.56640625,145
-0.10048846900463104,0.020533956587314606,2.75e-07,,,,,,,,,,,,,,,,,,0.018397710286080837,0.0,0.0,0.0,0.0,0.0,3.086945607999951,0.5703125,146
-0.06363821774721146,0.03083949163556099,2.7e-07,501469.0,282.375,239.0,348.0,0.0,282.375,239.0,348.0,0.75,0.4629100561141968,0.75,0.4629100561141968,0.3420245349407196,0.9673914313316345,1.842024564743042,1.4777936935424805,0.0,0.01844639820046723,0.0,0.0,0.0,0.0,0.0,35.84499308500017,0.57421875,147
0.153251513838768,0.029517406597733498,2.65e-07,,,,,,,,,,,,,,,,,,0.018228858476504683,0.0,0.0,0.0,0.0,0.0,3.578078144999381,0.578125,148
0.021571028977632523,0.023427607491612434,2.6e-07,506923.0,270.75,237.0,357.0,0.0,270.75,237.0,357.0,0.75,0.4629100561141968,0.75,0.4629100561141968,0.01319875754415989,0.037331726402044296,1.513198733329773,0.9346768260002136,0.0,0.018449665047228336,0.0,0.0,0.0,0.0,0.0,35.965402908000215,0.58203125,149
0.0814790278673172,0.04348243772983551,2.55e-07,,,,,,,,,,,,,,,,,,0.02069083321839571,0.0,0.0,0.0,0.0,0.0,3.340334356999847,0.5859375,150
0.19117029011249542,0.02386755868792534,2.5e-07,512599.0,297.5,249.0,512.0,0.125,266.8571472167969,249.0,296.0,0.375,0.5175492167472839,0.375,0.5175492167472839,0.0,0.0,0.75,1.0350983142852783,0.0,0.02715905476361513,0.0,0.0,0.0,0.0,0.0,53.092205887999626,0.58984375,151
-0.08764104545116425,0.014889592304825783,2.45e-07,,,,,,,,,,,,,,,,,,0.01619109883904457,0.0,0.0,0.0,0.0,0.0,3.8648864109991337,0.59375,152
-0.2681047022342682,0.00421957578510046,2.4e-07,518945.0,320.25,318.0,330.0,0.0,320.25,318.0,330.0,0.75,0.4629100561141968,0.75,0.4629100561141968,0.0,0.0,1.5,0.9258201122283936,0.0,0.00529739074409008,0.0,0.0,0.0,0.0,0.0,35.56239024899969,0.59765625,153
0.2794441878795624,0.04758748412132263,2.3499999999999997e-07,,,,,,,,,,,,,,,,,,0.02410436887294054,0.0,0.0,0.0,0.0,0.0,3.839673147999747,0.6015625,154
0.1837431788444519,0.0031520735938102007,2.3e-07,526157.0,367.5,266.0,382.0,0.0,367.5,266.0,382.0,1.0,0.0,1.0,0.0,0.7760416865348816,2.1949775218963623,2.7760417461395264,2.1949777603149414,0.0,0.005859375,0.0,0.0,0.0,0.0,0.0,45.71516534900002,0.60546875,155
-0.08608988672494888,0.01991843804717064,2.25e-07,,,,,,,,,,,,,,,,,,0.006373172742314637,0.0,0.0,0.0,0.0,0.0,4.919125804000032,0.609375,156
0.04186438024044037,0.024108681827783585,2.1999999999999998e-07,531797.0,287.0,259.0,448.0,0.0,287.0,259.0,448.0,0.25,0.4629100561141968,0.25,0.4629100561141968,0.0,0.0,0.5,0.9258201122283936,0.0,0.03760854457505047,0.0,0.0,0.0,0.0,0.0,46.20608592899953,0.61328125,157
-0.0023336857557296753,0.01632819138467312,2.1499999999999998e-07,,,,,,,,,,,,,,,,,,0.02720458642579615,0.0,0.0,0.0,0.0,0.0,3.5697410700004184,0.6171875,158
0.0,0.0,2.0999999999999997e-07,543413.0,512.0,512.0,512.0,1.0,0.0,0.0,0.0,0.0,0.0,0.0,0.0,0.0,0.0,0.0,0.0,1.0,0.005267620086669922,0.0,0.0,0.0,0.0,0.0,83.58379311799854,0.62109375,159
0.0,0.0,2.0499999999999997e-07,,,,,,,,,,,,,,,,,,0.010323524475097656,0.0,0.0,0.0,0.0,0.0,9.587776915001086,0.625,160
0.320824533700943,0.021903563290834427,2e-07,550178.0,355.625,329.0,512.0,0.125,333.2857360839844,329.0,334.0,0.875,0.3535533845424652,0.875,0.3535533845424652,0.0,0.0,1.75,0.7071067690849304,0.0,0.005124280694872141,0.0,0.0,0.0,0.0,0.0,56.54012944600072,0.62890625,161
-0.16538716852664948,0.0024582389742136,1.9499999999999999e-07,,,,,,,,,,,,,,,,,,0.005906834150664508,0.0,0.0,0.0,0.0,0.0,4.088093571000172,0.6328125,162
0.0,0.0,1.8999999999999998e-07,564274.0,512.0,512.0,512.0,1.0,0.0,0.0,0.0,0.0,0.0,0.0,0.0,0.0,0.0,0.0,0.0,1.0,0.012567520141601562,0.0,0.0,0.0,0.0,0.0,101.7093074680015,0.63671875,163
0.0,0.0,1.85e-07,,,,,,,,,,,,,,,,,,0.015260696411132812,0.0,0.0,0.0,0.0,0.0,12.475199531000726,0.640625,164
0.0,0.0,1.8e-07,570578.0,316.0,316.0,316.0,0.0,316.0,316.0,316.0,1.0,0.0,1.0,0.0,0.0,0.0,2.0,0.0,1.0,0.00460467766970396,0.0,0.0,0.0,0.0,0.0,35.8725358669999,0.64453125,165
0.0,0.0,1.75e-07,,,,,,,,,,,,,,,,,,0.004654123913496733,0.0,0.0,0.0,0.0,0.0,4.367397901000913,0.6484375,166
-0.17442059516906738,0.0025060996413230896,1.7000000000000001e-07,576940.0,322.25,318.0,352.0,0.0,322.25,318.0,352.0,0.875,0.3535533845424652,0.875,0.3535533845424652,0.0,0.0,1.75,0.7071067690849304,0.0,0.005119275767356157,0.0,0.0,0.0,0.0,0.0,37.84564958699957,0.65234375,167
0.2070765197277069,0.049928124994039536,1.65e-07,,,,,,,,,,,,,,,,,,0.015554437995888293,0.0,0.0,0.0,0.0,0.0,3.7428046060003908,0.65625,168
-0.23580774664878845,0.01879941299557686,1.6e-07,582430.0,266.25,254.0,277.0,0.0,266.25,254.0,277.0,0.5,0.5345224738121033,0.5,0.5345224738121033,0.0,0.0,1.0,1.0690449476242065,0.0,0.014568304410204291,0.0,0.0,0.0,0.0,0.0,28.64051887700134,0.66015625,169
0.23315587639808655,0.03149201720952988,1.55e-07,,,,,,,,,,,,,,,,,,0.03999102022498846,0.0,0.0,0.0,0.0,0.0,3.1236990839997816,0.6640625,170
-0.11574430763721466,0.010811461135745049,1.5e-07,587937.0,268.375,264.0,274.0,0.0,268.375,264.0,274.0,0.375,0.5175492167472839,0.375,0.5175492167472839,0.0,0.0,0.75,1.0350983142852783,0.0,0.018312433268874884,0.0,0.0,0.0,0.0,0.0,28.567972991000715,0.66796875,171
0.11946411430835724,0.01510296668857336,1.45e-07,,,,,,,,,,,,,,,,,,0.019497596891596913,0.0,0.0,0.0,0.0,0.0,2.8794278300010774,0.671875,172
0.1292455494403839,0.022331997752189636,1.4e-07,597305.0,487.0,401.0,512.0,0.625,445.3333435058594,401.0,507.0,0.375,0.5175492167472839,0.375,0.5175492167472839,0.05847260355949402,0.13689857721328735,0.8084726333618164,1.1212646961212158,0.0,0.026784736197441816,0.0,0.0,0.0,0.0,0.0,67.95207413099888,0.67578125,173
-0.06527262181043625,0.02092861197888851,1.35e-07,,,,,,,,,,,,,,,,,,0.021612384589388967,0.0,0.0,0.0,0.0,0.0,6.128005433999533,0.6796875,174
0.05728819966316223,0.01532018557190895,1.3e-07,604941.0,406.5,358.0,512.0,0.125,391.4285888671875,358.0,397.0,0.75,0.4629100561141968,0.75,0.4629100561141968,0.0,0.0,1.5,0.9258201122283936,0.0,0.007018853211775422,0.0,0.0,0.0,0.0,0.0,59.27287744300065,0.68359375,175
-0.01942102611064911,0.023086855188012123,1.25e-07,,,,,,,,,,,,,,,,,,0.01603763015009463,0.0,0.0,0.0,0.0,0.0,4.6548588879995805,0.6875,176
-0.12735237181186676,0.021493172273039818,1.2e-07,610970.0,329.625,268.0,512.0,0.125,303.5714416503906,268.0,409.0,0.125,0.3535533845424652,0.125,0.3535533845424652,0.0,0.0,0.25,0.7071067690849304,0.0,0.03204221371561289,0.0,0.0,0.0,0.0,0.0,53.149899134001316,0.69140625,177
0.19021722674369812,0.011773580685257912,1.15e-07,,,,,,,,,,,,,,,,,,0.03069850103929639,0.0,0.0,0.0,0.0,0.0,4.263550255999689,0.6953125,178
-0.22976219654083252,0.02361033670604229,1.0999999999999999e-07,616686.0,279.5,268.0,286.0,0.0,279.5,268.0,286.0,0.875,0.3535533845424652,0.875,0.3535533845424652,0.13886937499046326,0.39278191328048706,1.8888694047927856,0.8565229773521423,0.0,0.013918048818595707,0.0,0.0,0.0,0.0,0.0,29.789702651999505,0.69921875,179
0.23400363326072693,0.11397252976894379,1.0499999999999999e-07,,,,,,,,,,,,,,,,,,0.026525805704295635,0.0,0.0,0.0,0.0,0.0,3.1785684469987245,0.703125,180
0.1883362978696823,0.044195737689733505,1e-07,622053.0,257.875,230.0,299.0,0.0,257.875,230.0,299.0,0.875,0.3535533845424652,0.875,0.3535533845424652,-0.0532258078455925,0.15054532885551453,1.6967742443084717,0.7016047239303589,0.0,0.019140096381306648,0.0,0.0,0.0,0.0,0.0,30.656896174000394,0.70703125,181
-0.13971665501594543,0.008125265128910542,9.499999999999999e-08,,,,,,,,,,,,,,,,,,0.013458418659865856,0.0,0.0,0.0,0.0,0.0,2.898693129000094,0.7109375,182
-0.2721516191959381,0.006011317018419504,9e-08,627556.0,266.875,236.0,291.0,0.0,266.875,236.0,291.0,0.75,0.4629100561141968,0.75,0.4629100561141968,0.0,0.0,1.5,0.9258201122283936,0.0,0.00959102576598525,0.0,0.0,0.0,0.0,0.0,29.919143024999357,0.71484375,183
0.26529645919799805,0.05773968994617462,8.500000000000001e-08,,,,,,,,,,,,,,,,,,0.024006534251384437,0.0,0.0,0.0,0.0,0.0,3.1497030219998123,0.71875,184
0.0006372630596160889,0.023085184395313263,8e-08,633874.0,317.75,316.0,329.0,0.0,317.75,316.0,329.0,0.75,0.4629100561141968,0.75,0.4629100561141968,0.0,0.0,1.5,0.9258201122283936,0.0,0.0064019744750112295,0.0,0.0,0.0,0.0,0.0,35.46607823600061,0.72265625,185
0.008296981453895569,0.016095256432890892,7.5e-08,,,,,,,,,,,,,,,,,,0.007789216353558004,0.0,0.0,0.0,0.0,0.0,3.6716858180006966,0.7265625,186
-0.06211434304714203,0.03595881909132004,7e-08,640083.0,304.125,225.0,317.0,0.0,304.125,225.0,317.0,0.75,0.4629100561141968,0.75,0.4629100561141968,0.00484496122226119,0.013703620061278343,1.5048449039459229,0.9289067387580872,0.0,0.021753506734967232,0.0,0.0,0.0,0.0,0.0,34.27032921300088,0.73046875,187
0.003385588526725769,0.024147719144821167,6.5e-08,,,,,,,,,,,,,,,,,,0.006831060745753348,0.0,0.0,0.0,0.0,0.0,3.765321656999731,0.734375,188
0.29516923427581787,0.009847847744822502,6e-08,645860.0,298.125,257.0,512.0,0.125,267.5714416503906,257.0,273.0,0.25,0.4629100561141968,0.25,0.4629100561141968,-0.06204156577587128,0.17548003792762756,0.43795841932296753,0.8217189908027649,0.0,0.021006461698561907,0.0,0.0,0.0,0.0,0.0,53.46828395299963,0.73828125,189
-0.24056029319763184,0.023487165570259094,5.4999999999999996e-08,,,,,,,,,,,,,,,,,,0.027911635348573327,0.0,0.0,0.0,0.0,0.0,3.8914407579995896,0.7421875,190
0.1888224482536316,0.03934691101312637,5e-08,651191.0,256.375,242.0,267.0,0.0,256.375,242.0,267.0,0.875,0.3535533845424652,0.875,0.3535533845424652,-0.0006983240018598735,0.0019751586951315403,1.7493016719818115,0.7068273425102234,0.0,0.019689349690452218,0.0,0.0,0.0,0.0,0.0,28.16135209300046,0.74609375,191
-0.1742224395275116,0.007089628838002682,4.5e-08,,,,,,,,,,,,,,,,,,0.017844255780801177,0.0,0.0,0.0,0.0,0.0,2.961422561999825,0.75,192
-0.05685535818338394,0.020723188295960426,4e-08,656538.0,257.375,250.0,267.0,0.0,257.375,250.0,267.0,1.0,0.0,1.0,0.0,-0.04772727191448212,0.0907415971159935,1.952272653579712,0.0907416045665741,0.0,0.017277526203542948,0.0,0.0,0.0,0.0,0.0,27.79554634700071,0.75390625,193
0.0626402273774147,0.03168991208076477,3.5e-08,,,,,,,,,,,,,,,,,,0.019001163309440017,0.0,0.0,0.0,0.0,0.0,3.200511421000556,0.7578125,194
0.36600565910339355,0.022908443585038185,3e-08,661927.0,259.625,231.0,274.0,0.0,259.625,231.0,274.0,0.625,0.5175492167472839,0.625,0.5175492167472839,-0.0532258078455925,0.15054532885551453,1.1967742443084717,1.0014231204986572,0.0,0.013254924677312374,0.0,0.0,0.0,0.0,0.0,28.282149937000213,0.76171875,195
-0.34193846583366394,0.008475013077259064,2.5e-08,,,,,,,,,,,,,,,,,,0.015237094135954976,0.0,0.0,0.0,0.0,0.0,2.8438430279993554,0.765625,196
0.03948601335287094,0.022051705047488213,2e-08,667899.0,313.5,278.0,512.0,0.125,285.14288330078125,278.0,321.0,0.75,0.4629100561141968,0.75,0.4629100561141968,-0.0262743029743433,0.07431495189666748,1.47372567653656,0.9124898910522461,0.0,0.01952816196717322,0.0,0.0,0.0,0.0,0.0,53.58955061600045,0.76953125,197
0.1379413604736328,0.01523602195084095,1.5e-08,,,,,,,,,,,,,,,,,,0.010737055446952581,0.0,0.0,0.0,0.0,0.0,4.357058896998751,0.7734375,198
0.20298410952091217,0.038355980068445206,1e-08,673454.0,281.375,258.0,412.0,0.0,281.375,258.0,412.0,0.625,0.5175492167472839,0.625,0.5175492167472839,0.0,0.0,1.25,1.0350983142852783,0.0,0.018683830741792917,0.0,0.0,0.0,0.0,0.0,42.22963540300043,0.77734375,199
-0.10269325971603394,0.013043093495070934,5e-09,,,,,,,,,,,,,,,,,,0.013901062775403261,0.0,0.0,0.0,0.0,0.0,3.754082730999471,0.78125,200
